,0,1
0,Tep No,0
1,Allah-Las,0
2,Snoop Dogg,0
3,TR/ST,0
4,Mac Demarco,0
5,The Chainsmokers,0
6,TV On The Radio,0
7,GENER8ION,0
8,ODESZA,0
9,Diplo,0
10,Epsilons,0
11,P!nk,0
12,Aire Atlantica,0
13,Barrington Levy,0
14,Tori Kelly,0
15,Surkin,0
16,LVNDSCAPE,0
17,Bea Miller,0
18,Action Bronson,0
19,Son Little,0
20,Harry Styles,0
21,Mr Little Jeans,0
22,Sky Ferreira,0
23,Mario,0
24,Ana Tijoux,0
25,Cerrone,0
26,ScHoolboy Q,0
27,Anne-Marie,0
28,Sleigh Bells,0
29,St. Lucia,0
30,Yeasayer,0
31,Heems,0
32,Rick Ross,0
33,"Lee ""Scratch"" Perry",0
34,The Vamps,0
35,Statik Selektah,0
36,Gryffin,0
37,Galantis,0
38,Wyclef Jean,0
39,Ananda Shankar,0
40,Big Time Rush,0
41,Jagwar Ma,0
42,ASTR,0
43,Vis à Vis,0
44,Phantogram,0
45,Magic City Hippies,0
46,Kid Cudi,0
47,Ezra Vine,0
48,Magic City Hippies,0
49,HAIM,0
50,Arctic Monkeys,0
51,WILD,0
52,Majozi,0
53,The Harmaleighs,0
54,Matthew Dear,0
55,Wiz Khalifa,0
56,Mike Posner,0
57,Onra,0
58,Kato,0
59,Mac Demarco,0
60,Jess Glynne,0
61,Mickey Valen,0
62,Des'ree,0
63,Pretty Sister,0
64,Seven Lions,0
65,Bea Miller,0
66,Grimes,0
67,D. Gookin,0
68,The Go! Team,0
69,Michelle Branch,0
70,Jimi Hendrix,0
71,Michael Jackson,0
72,EDX,0
73,Rick Ross,0
74,Chris Brown,0
75,Chris Brown,0
76,Jess Glynne,0
77,The Click Five,0
78,Eagle-Eye Cherry,0
79,Global Deejays,0
80,Fela Kuti,0
81,Small Black,0
82,Cloud Nothings,0
83,CID,0
84,Wale,0
85,Pierce Fulton,0
86,Gareth Emery,0
87,The Hipwaders,0
88,Pegboard Nerds,0
89,Carte Blanche (feat. Alexis Taylor),0
90,OneRepublic,0
91,Owl City,0
92,Wiley,0
93,Danny Brown,0
94,Toro y Moi,0
95,Bring Me The Horizon,0
96,Electric Six,0
97,Owl City,0
98,The Stooges,0
99,Poolside,0
100,Memoryhouse,0
101,Tim Berg,0
102,Crystal Castles,0
103,The Rolling Stones,0
104,Chris Lake,0
105,MOTi,0
106,FIDLAR,0
107,FIDLAR,0
108,Chief Keef,0
109,Wahlstedt,0
110,Dâm-Funk,0
111,Empire of the Sun,0
112,Trinidad James,0
113,Above & Beyond,0
114,Michael Brun,0
115,Rick Ross,0
116,Tritonal,0
117,James Brown,0
118,ASTR,0
119,Young the Giant,0
120,Maroon 5,0
121,Gary Clark Jr.,0
122,Paper Diamond,0
123,Backstreet Boys,0
124,Rob Curly,0
125,Zeds Dead,0
126,Arcade Fire,0
127,Ne-Yo,0
128,Sam Sparro,0
129,Hanni El Khatib,0
130,CHVRCHES,0
131,Hanson,0
132,Blood Orange,0
133,Young Thug,0
134,Bag Raiders,0
135,HAIM,0
136,Tom Scott,0
137,Disclosure,0
138,Neon Indian,0
139,Backstreet Boys,0
140,Flosstradamus & DJ Sliink,0
141,Passion Pit,0
142,Danny Brown,0
143,Solange,0
144,Crystal Castles,0
145,David Archuleta,0
146,Victorious Cast,0
147,Victorious Cast,0
148,Badfinger,0
149,Victorious Cast,0
150,Sammy Adams,0
151,Big Time Rush,0
152,Duke Dumont,0
153,How To Rock Cast,0
154,Big Time Rush,0
155,TR/ST,0
156,Dan Croll,0
157,JoJo,0
158,Tonic,0
159,Duke Dumont,0
160,Fall Out Boy,0
161,Emmure,0
162,Katy Perry,0
163,WALK THE MOON,0
164,WALK THE MOON,0
165,Phantogram,0
166,Zach Williams,0
167,Anita Dobson,0
168,Lit,0
169,Incubus,0
170,Jon Pardi,0
171,The Afters,0
172,TLC,0
173,Flo Rida,0
174,Fall Out Boy,0
175,Hunter Hayes,0
176,Chris Tomlin,0
177,The Wanted,0
178,Tame Impala,0
179,OneRepublic,0
180,Ricky Martin,0
181,Skrillex,0
182,Fetty Wap,0
183,Mark Morrison,0
184,Zara Larsson,0
185,Mallary Hope,0
186,Lil Wayne,0
187,Kelsea Ballerini,0
188,Brantley Gilbert,0
189,Backstreet Boys,0
190,Brett Young,0
191,Chris Young,0
192,Enrique Iglesias,0
193,Danny Ocean,0
194,Avril Lavigne,0
195,Trent Harmon,0
196,Pitbull,0
197,Dustin Lynch,0
198,Ed Sheeran,0
199,Nickelback,0
200,Backstreet Boys,0
201,CNCO,0
202,Imagine Dragons,0
203,Jme,0
204,Drake,0
205,Little Mix,0
206,Rascal Flatts,0
207,WALK THE MOON,0
208,Parmalee,0
209,Jonas Blue,0
210,Thomas Rhett,0
211,Cole Swindell,0
212,The Black Eyed Peas,0
213,Sebastian Yatra,0
214,Shawn Mendes,0
215,Colton Dixon,0
216,"Bobby ""Blue"" Bland",0
217,NERVO,0
218,Blessid Union Of Souls,0
219,Zion & Lennox,0
220,Starley,0
221,Kane Brown,0
222,Jordan Feliz,0
223,Dimitri Vegas & Like Mike,0
224,Swedish House Mafia,0
225,Fall Out Boy,0
226,Nine Days,0
227,Dylan Schneider,0
228,Toad The Wet Sprocket,0
229,Ryan Kinder,0
230,Kill The Noise,0
231,Shy Glizzy,0
232,Rain Man,0
233,Milli Vanilli,0
234,Duke Dumont,0
235,Angel Olsen,0
236,Piso 21,0
237,Carlos Baute,0
238,Hanson,0
239,The Lemonheads,0
240,Kygo,0
241,Florida Georgia Line,0
242,Don Omar,0
243,for KING & COUNTRY,0
244,Oleander,0
245,B.o.B,0
246,Cher,0
247,Eminem,0
248,tobyMac,0
249,Devin Dawson,0
250,Brett Eldredge,0
251,Xantos,0
252,Oohyo,0
253,Hillsong Young & Free,0
254,Sara Bareilles,0
255,Pitbull,0
256,Nacho,0
257,Lady Antebellum,0
258,Tijuana Panthers,0
259,Chino & Nacho,0
260,Chris Stapleton,1
261,Kate Bush,1
262,Nathan Sykes,1
263,Jon McLaughlin,1
264,Carly Simon,1
265,Radiohead,1
266,Miranda Lambert,1
267,John Coltrane,1
268,for KING & COUNTRY,1
269,Phil Woods,1
270,Miles Davis,1
271,Stanley Turrentine,1
272,SZA,1
273,Matt Hammitt,1
274,alt-J,1
275,Glass Animals,1
276,Nick Berry,1
277,Charles Mingus,1
278,Donnie & Joe Emerson,1
279,Bill Charlap,1
280,Vampire Weekend,1
281,Kina Grannis,1
282,Amadou & Mariam,1
283,Céline Dion,1
284,Rhye,1
285,St. Winifred's School Choir,1
286,Lou Donaldson,1
287,Mandisa,1
288,Scott Hamilton,1
289,Rihanna,1
290,Kim Walker-Smith,1
291,Lord Huron,1
292,Sam Tsui feat. Kina Grannis,1
293,AlunaGeorge,1
294,Bon Iver,1
295,Nathan Sykes,1
296,The xx,1
297,Perfume Genius,1
298,Duke Ellington,1
299,Hollyn,1
300,Karina Vismara,1
301,Trout Fishing in America,1
302,Wet,1
303,Natalie Grant,1
304,Captain Beefheart & His Magic Band,1
305,Mandy Moore,1
306,Tauren Wells,1
307,Sarah Reeves,1
308,Franz Schubert,1
309,Only U,1
310,Bob Berg,1
311,Jungkey,1
312,Dean Lewis,1
313,Jerry Townes,1
314,Rose Royce,1
315,Zara Larsson,1
316,Kim Woo-Joo,1
317,권나무 Kwon Tree,1
318,Standing Egg,1
319,Ruth B.,1
320,Carl Philipp Emanuel Bach,1
321,Joseph,1
322,Kina Grannis,1
323,Boyce Avenue,1
324,The Harmaleighs,1
325,Radiohead,1
326,Pop Staples,1
327,Jang Beom June,1
328,Christian Scott,1
329,The Righteous Brothers,1
330,Dusty Springfield,1
331,SBGB,1
332,Vanilla Acoustic,1
333,Albert King,1
334,Tim McGraw,1
335,Johnny Hodges,1
336,Kwon Jin Ah,1
337,Sentimental Scenery,1
338,Urban Zakapa,1
339,Mot,1
340,도시총각 Dosichonggak,1
341,Leon Bridges,1
342,Zac Brown Band,1
343,Lullanas,1
344,Solange,1
345,David Halliday,1
346,Stan Getz,1
347,Warpaint,1
348,Casting Crowns,1
349,Beegie Adair,2
350,Ludwig van Beethoven,2
351,Tom Tykwer,2
352,McCoy Tyner,2
353,Wynton Marsalis,2
354,Seamus Blake,2
355,Camille Saint-Saëns,2
356,Marcus Gilmore,2
357,Scott Hamilton,2
358,Beach House,2
359,Felix Mendelssohn,2
360,Robert Schumann,2
361,Franz Schubert,2
362,Joe Lovano,2
363,Lee Morgan,2
364,Joshua Redman,2
365,Jacky Terrasson,2
366,Art Pepper,2
367,Roy Hargrove,2
368,Branford Marsalis,2
369,Bill Evans,2
370,Marcus Roberts,2
371,Christian McBride,2
372,Brad Mehldau Trio,2
373,Xavier Davis,2
374,Julian Dash,2
375,Oscar Peterson Trio,2
376,Nicholas Payton,2
377,Anthony Wonsey Trio,2
378,Ibrahim Maalouf,2
379,Dan Cray Trio,2
380,"Tommy Flanagan, Ron Carter & Tony Williams",2
381,Ray Bryant,2
382,Hank Jones,2
383,Edvard Grieg,2
384,Kenny Garrett,2
385,Jan Lundgren Trio,2
386,Wilhelm Stenhammar,2
387,Robert Schumann,2
388,Gene Ammons,2
389,Teddy Wilson,2
390,Esbjörn Svensson Trio,2
391,David Hazeltine,2
392,Enrico Pieranunzi,2
393,Terence Blanchard,2
394,Trio X of Sweden,2
395,Arcade Fire,2
396,Skrillex,2
397,How To Dress Well,2
398,John Williams,2
399,Triosence,2
400,Whitney,2
401,Gayngs,2
402,Santo & Johnny,2
403,Modest Mussorgsky,2
404,Modest Mussorgsky,2
405,John Williams,2
406,Pink Floyd,2
407,Nikolaus Harnoncourt,2
408,How To Dress Well,2
409,Yelena Eckemoff,2
410,Thundercat,2
411,Joshua Redman,2
412,Joey Alexander,2
413,Passport Quartet,2
414,Enrico Pieranunzi,2
415,Bill Charlap,2
416,Bill Mobley,2
417,Ellie & The Bunch,2
418,Frédéric Chopin,2
419,Ben Wolfe,2
420,The Hot Sardines,2
421,Grace Kelly,2
422,Mulgrew Miller,2
423,Sassy Players,2
424,John Moulder,2
425,Matrix & Futurebound,3
426,Martin Garrix,3
427,Dimitri Vangelis & Wyman,3
428,God Of Nothing,3
429,Prince Rama,3
430,Crucify Me Gently,3
431,Azari & III,3
432,The Voynich Code,3
433,Mark Knight,3
434,ZZT,3
435,Enterprise Earth,3
436,FIDLAR,3
437,Just Blaze and Baauer,3
438,J Rocc,3
439,FIDLAR,3
440,Big Freedia,3
441,Avicii,3
442,MOTi,3
443,Chris Bear,3
444,Gold Panda,3
445,Deerhunter,3
446,GENER8ION,3
447,Afrojack,3
448,DIIV,3
449,Minor Victories,3
450,The War On Drugs,3
451,Aversions Crown,3
452,Brojob,3
453,Adrian Lux,3
454,Suicide Silence,3
455,Parquet Courts,3
456,Kaskade,3
457,Jungle,3
458,Tame Impala,3
459,Dog Blood,3
460,Destruction Unit,3
461,Infant Annihilator,3
462,The Raveonettes,3
463,Sleigh Bells,3
464,Kurt Vile,3
465,Traitors,3
466,Gesaffelstein,3
467,Beach House,3
468,Washed Out,3
469,Goodnight Radio,3
470,Dim Sum,3
471,Parquet Courts,3
472,Within Destruction,3
473,Ty Segall,3
474,Future Islands,3
475,Walking Dead On Broadway,3
476,Baroness,3
477,Com Truise,3
478,Reaping Asmodeia,3
479,Signs of the Swarm,3
480,Clockwork,3
481,Obscure of Acacia,3
482,FRCTRD,3
483,Black Tongue,3
484,Best Coast,3
485,Jason Derulo,4
486,Piso 21,4
487,Fats Domino,4
488,Chaz Van Queen,4
489,Ebo Taylor,4
490,Cream,4
491,CNCO,4
492,TOPS,4
493,Vampire Weekend,4
494,Toyan,4
495,Glass Animals,4
496,The Black On White Affair,4
497,2 Chainz,4
498,Natalia Lafourcade,4
499,Sage The Gemini,4
500,Clazziquai Project,4
501,SunWoo Jung-A,4
502,The Silvertones,4
503,Humming Urban Stereo,4
504,10cm,4
505,Hayden James,4
506,Rita Ora,4
507,Coffeeboy,4
508,Johnny Osbourne,4
509,Jon and Roy,4
510,Trout Fishing in America,4
511,Vulfpeck,4
512,Stalking Gia,4
513,John Mayer,4
514,Kiiara,4
515,Wahlstedt,4
516,AJ Tracey,4
517,Flatbush Zombies,4
518,Bonkaz,4
519,Dirtcaps,4
520,Sam Hunt,4
521,The Sonics,4
522,Lykke Li,4
523,The Funkees,4
524,Pops Staples,4
525,The Strange Boys,4
526,Cream,4
527,The Coasters,4
528,Drake,4
529,The Kids Band,4
530,Calvin Harris,4
531,Barney,4
532,Fathers Children,4
533,James Brown,4
534,Tumble Tots,4
535,The Kids Band,4
536,Ed Sheeran,4
537,Young Thug,4
538,Roger Day,4
539,Gayngs,4
540,Brenton Wood,4
541,The Funkees,4
542,MØ,4
543,Raffi,4
544,T. P. Orchestre Poly-Rythmo,4
545,The Hollies,4
546,The Contours,4
547,Jaykae,4
548,Zapp,4
549,George McCrae,4
550,The Sonics,4
551,Atmosphere,4
552,Macy Gray,4
553,Marcos Valle,4
554,Al Massrieen,4
555,Anuhea,4
556,"Bobby ""Boris"" Pickett",4
557,Thundercat,4
558,Zapp,4
559,Rags Cast,4
560,Jason Chen,4
561,Teams vs. Star Slinger,4
562,Sister Nancy,4
563,Robin Thicke,4
564,NxWorries,4
565,Marvin Gaye,4
566,Bea Miller,4
567,Ice Cube,4
568,Dusty Springfield,4
569,Kina Grannis,4
570,Joe Cuba,4
571,The Olympics,4
572,Clive Dunn,4
573,Only Real,4
574,Jagged Edge,4
575,Diddy,4
576,Umit Aksu Orkestrasi,4
577,Joe Dolce,4
578,The Marvelettes,4
579,Lesley Gore,4
580,Pearl Jam,4
581,WALK THE MOON,4
582,Eric Burdon,4
583,Brown Bird,4
584,The Crystals,4
585,Usher,4
586,Los Del Rio,4
587,Barrington Levy,4
588,Destiny's Child,4
589,James Mason,4
590,Horace Andy,4
591,The Chiffons,4
592,Polina,4
593,Shania Twain,4
594,Mac Demarco,4
595,AlunaGeorge,4
596,Dirty Projectors,4
597,Funkadelic,4
598,Shamir,4
599,Hot Chip,4
600,The Ronettes,4
601,Gayngs,4
602,Chief Keef,4
603,Ekkah,4
604,Violent Femmes,4
605,Yeah Yeah Yeahs,5
606,Kendrick Lamar,5
607,SLUMBERJACK,5
608,Paragon,5
609,Kanye West,5
610,George Acosta,5
611,Elliphant,5
612,Shabazz Palaces,5
613,Glass Figure,5
614,Tiësto,5
615,Stormzy,5
616,PALGOU,5
617,W&W,5
618,ILoveMakonnen,5
619,Borgeous,5
620,Science Of Sleep,5
621,French Kicks,5
622,Washed Out,5
623,Frank Ocean,5
624,Kendrick Lamar,5
625,Lindsay Lohan,5
626,Rick Ross,5
627,Ryan Stevenson,5
628,Krewella,5
629,Fit For An Autopsy,5
630,Jamie xx,5
631,Slushii,5
632,Lord of War,5
633,Rick Ross,5
634,A Trust Unclean,5
635,Courtney Barnett,5
636,Carnifex,5
637,No Parents,5
638,"Above, Below",5
639,Roy Ayers Ubiquity,5
640,Tujamo,5
641,Iconoclast,5
642,Duke Dumont,5
643,Kavinsky,5
644,Meek Mill,5
645,ASTR,5
646,Jamie xx,5
647,Death Grips,5
648,Honey Claws,5
649,The Avalanches,5
650,LION BABE,5
651,DJ Khaled,5
652,Flosstradamus & DJ Sliink,5
653,Belie My Burial,5
654,Bomba Estéreo,5
655,Purity Ring,5
656,Frank Ocean,5
657,LCD Soundsystem,5
658,XIA,5
659,Beartooth,5
660,Crystal Castles,5
661,Lost Kings,5
662,Porcelain Raft,5
663,Wavves,5
664,WALK THE MOON,5
665,Kendrick Lamar,5
666,Katy Perry,5
667,AFI,5
668,Florence + The Machine,5
669,Major Lazer,5
670,Open Mike Eagle,5
671,Papa Roach,5
672,Bassnectar,5
673,Matthew Dear,5
674,Hive,5
675,Skrillex,5
676,SOVI,5
677,Matthew Dear,5
678,Crystal Castles,5
679,Baauer,5
680,Cut Copy,5
681,Shotgun Surgeon,5
682,Kanye West,5
683,At Rest,5
684,QUIX,5
685,Rick Ross,5
686,The Avalanches,5
687,Advocates,5
688,Neil Young,5
689,Skrillex,5
690,TR/ST,5
691,Cascada,5
692,The Vogues,5
693,The Stooges,5
694,Darknet,5
695,5 Seconds of Summer,5
696,Skrillex,5
697,R3hab,5
698,Ivan Gough & Feenixpawl feat. Georgi Kay,5
699,Jagwar Ma,5
700,Four Year Strong,5
701,Mötley Crüe,5
702,Cosmic Gate,5
703,Cerrone,6
704,Burial,6
705,Grand High Priest,6
706,Master C & J,6
707,Gary's Gang,6
708,Yacht Club,6
709,Julio Bashmore,6
710,How Sad,6
711,The Alexanders,6
712,Cornershop,6
713,Madlib,6
714,Them Jeans,6
715,Jungle,6
716,Rustie,6
717,Vato Gonzalez,6
718,Disciples,6
719,Deep Purple,6
720,Mr Little Jeans,6
721,Sabrina,6
722,Partial Arts,6
723,Marshmello,6
724,Ultimate Painting,6
725,Real Connoisseur,6
726,Dusky,6
727,Goody Goody,6
728,Todd Terje,6
729,Fancy Fux,6
730,Disclosure,6
731,Skrillex,6
732,Tycho,6
733,Teams vs. Star Slinger,6
734,Ida Engberg,6
735,Laid Back,6
736,Chris Lake,6
737,The Parallax Corporation,6
738,ODESZA,6
739,SBTRKT,6
740,Washed Out,6
741,Christopher Owens,6
742,TV On The Radio,6
743,The The,6
744,Nickelback,6
745,Paper Diamond,6
746,Twin Moons,6
747,LCD Soundsystem,6
748,Afrojack,6
749,Radiohead,6
750,Junior Boys,6
751,Todd Terje,6
752,Tame Impala,6
753,Parquet Courts,6
754,Swearin',6
755,Sugarman Three,6
756,The Rapture,6
757,The Breeders,6
758,The Martini's,6
759,The War On Drugs,6
760,Lunice,6
761,Mr. Fingers,6
762,Miss Kittin,6
763,UZ,6
764,Inner City,6
765,Poolside,6
766,Santigold,6
767,Red Rack'Em,6
768,Dusky,6
769,The Juan Maclean,6
770,Iron Galaxy & Sexlife,6
771,CLUBZ,6
772,Breach,6
773,M.I.A.,6
774,A Guy Called Gerald,6
775,Ejeca,6
776,Dumbo Gets Mad,6
777,Shit Robot,6
778,A$AP Ferg,6
779,Breach,6
780,Format:B,6
781,Hercules & Love Affair,6
782,Allah-Las,6
783,William Onyeabor,6
784,HNNY,6
785,James Blake,6
786,X-Press 2,6
787,Disclosure,6
788,Hot Chocolate,6
789,Duke Dumont,6
790,ZHU,6
791,Ebo Taylor,6
792,Sports,6
793,DJ Dodger Stadium,6
794,New Order,6
795,New Order,6
796,Hotel Eden,6
797,Colleen Green,6
798,The Yardbirds,7
799,Donguy,7
800,Kiso,7
801,Counting Crows,7
802,Logan Mize,7
803,The Presidents Of The United States Of America,7
804,ILoveMakonnen,7
805,Kip Moore,7
806,The Ronettes,7
807,Eve 6,7
808,Twin Shadow,7
809,Rick Ross,7
810,Chris Bandi,7
811,Kano,7
812,Woods,7
813,Christina Aguilera,7
814,The Lumineers,7
815,Stormzy,7
816,Florida Georgia Line,7
817,Dave,7
818,Ashlee Simpson,7
819,Zac Brown Band,7
820,Michael Ray,7
821,J. Cole,7
822,Blake Shelton,7
823,Chris Lane,7
824,Savage Garden,7
825,Ex Hex,7
826,Brooke Eden,7
827,Cults,7
828,David Bowie,7
829,Savage Garden,7
830,Donnie Trumpet,7
831,Blu,7
832,Zac Brown Band,7
833,Rihanna,7
834,Kim Walker-Smith,7
835,Victorious Cast feat. Victoria Justice and Ariana Grande,7
836,Disclosure,7
837,Nickelback,7
838,G-Eazy,7
839,Big Time Rush,7
840,UGK,7
841,Big Time Rush,7
842,Big Time Rush,7
843,Grayson Reed,7
844,Young M.A.,7
845,The Chainsmokers,7
846,Soul For Real,7
847,Nickelback,7
848,Disclosure,7
849,*NSYNC,7
850,Rocko,7
851,*NSYNC,7
852,Peter Andre,7
853,Backstreet Boys,7
854,Fall Out Boy,7
855,Fall Out Boy,7
856,Danny Gokey,7
857,Jamie Grace,7
858,Star Slinger,7
859,The Black Keys,7
860,Nickelback,7
861,Flux Pavilion,7
862,Drake,7
863,Flo Rida,7
864,Katy Perry,7
865,FIDLAR,7
866,Pitbull,7
867,FIDLAR,7
868,Far East Movement,7
869,Gucci Mane,7
870,The Chainsmokers,7
871,We Kids Rock,7
872,WALK THE MOON,7
873,Ryan Stevenson,7
874,Owl City,7
875,Problem,7
876,WALK THE MOON,7
877,DJ Eleven,7
878,WALK THE MOON,7
879,Star Slinger,7
880,Major Lazer,7
881,Teams vs. Star Slinger,7
882,Das Racist,7
883,Panic! At The Disco,7
884,Cosculluela,7
885,Gary Clark Jr.,7
886,Del Amitri,7
887,Donny Osmond,7
888,Daddy Yankee,7
889,Machine Gun Kelly,7
890,Gnonnas Pédro,7
891,Nicky Jam,7
892,J Balvin,7
893,The Sonics,7
894,Sisyphus,7
895,The Kinks,7
896,Cherry Glazerr,7
897,Ozuna,7
898,Gavin DeGraw,7
899,Childish Gambino,7
900,Vader Abraham,7
901,Skye Sweetnam,7
902,Max Frost,7
903,Luis Fonsi,7
904,Professor Murder,7
905,Borgore,7
906,Geri Halliwell,7
907,Anuel Aa,7
908,Ty Segall,7
909,Josh Turner,7
910,Nicky Jam,7
911,Old Dominion,7
912,Ozuna,7
913,Carlos Vives,7
914,Kwabs,7
915,Canaan Smith,7
916,Russell Dickerson,7
917,Reik,7
918,Maluma,7
919,Jackie Lee,7
920,Hermitude,7
921,Bells Atlas,7
922,Demi Lovato,7
923,Major Lazer,7
924,Dan + Shay,7
925,India.Arie,7
926,Mandisa,8
927,CHVRCHES,8
928,Harry Styles,8
929,DJ Snake,8
930,Ibeyi,8
931,JP Cooper,8
932,Mac Demarco,8
933,Kim Walker-Smith,8
934,Martin Garrix,8
935,The Chainsmokers,8
936,Zach Williams,8
937,Alan Walker,8
938,SALTNPAPER,8
939,JAY Z,8
940,Matthew West,8
941,Switchfoot,8
942,Tenth Avenue North,8
943,Bryan Adams,8
944,The Chainsmokers,8
945,Cashmere Cat,8
946,M83,8
947,Natalie Grant,8
948,CHVRCHES,8
949,Jesus Culture,8
950,Hillsong Worship,8
951,Matt Redman,8
952,Kari Jobe,8
953,Beach House,8
954,Joshua Micah,8
955,Jamie xx,8
956,Sidewalk Prophets,8
957,A$AP Rocky,8
958,Young Thug,8
959,Elevation Worship,8
960,Beyond the Extraction,8
961,Steven Curtis Chapman,8
962,Wheeler Walker Jr.,8
963,Rae Sremmurd,8
964,2milly,8
965,Future,8
966,The Weeknd,8
967,Twin Shadow,8
968,Willow,8
969,Kelela,8
970,Blackbear,8
971,ILoveMakonnen,8
972,Bebe Rexha,8
973,Big K.R.I.T.,8
974,Cathedrals,8
975,Hillsong United,8
976,Passion,8
977,Hillsong United,8
978,Ryan Hurd,8
979,Jack Back,8
980,The Seshen,8
981,Trendsetter,8
982,Markus Maximus,8
983,Silk Rhodes,8
984,Shlohmo,8
985,Juicy J,8
986,Kilo Kish,8
987,Justice,8
988,Ariana Grande,8
989,San Holo,8
990,Ibeyi,8
991,Isaac Hayes,8
992,Problem,8
993,Bryson Tiller,8
994,Trendsetter,8
995,Future,8
996,Fetty Wap,8
997,Banks,8
998,Kid Cudi,8
999,The Chambers Brothers,8
1000,James Pants,8
1001,Sabrina Carpenter,8
1002,Purity Ring,8
1003,G-Eazy,8
1004,Owl City,8
1005,Janet Jackson,8
1006,K-Ci & JoJo,8
1007,Swedish House Mafia,8
1008,Still Young,8
1009,CHVRCHES,8
1010,ASTR,8
1011,Glass Candy,8
1012,Justice,8
1013,Beyoncé,8
1014,Alanis Morissette,8
1015,Demi Lovato,8
1016,Boyz II Men,8
1017,Skip Marley,8
1018,Big Time Rush,8
1019,Halsey,8
1020,Usher,8
1021,Kindness,8
1022,Jon McLaughlin,8
1023,M83,8
1024,Demi Lovato,8
1025,Travis Scott,8
1026,Emmit Fenn,8
1027,The Chainsmokers,8
1028,Charice,8
1029,The Weeknd,8
1030,Monica,8
1031,Hot Chip,8
1032,Felix Cartal,8
1033,Logic,8
1034,Khrebto,8
1035,Pete Wingfield,8
1036,Passion Pit,8
1037,Liz Phair,8
1038,Shabazz Palaces,8
1039,M83,8
1040,Backstreet Boys,8
1041,Hippie Sabotage,8
1042,Boyz II Men,8
1043,Autre Ne Veut,8
1044,Ben Pearce,8
1045,DubVision,8
1046,Arcade Fire,8
1047,The Killers,8
1048,Angel Olsen,8
1049,Chief Keef,8
1050,Adrian Lux,8
1051,David Guetta - Sébastian Ingrosso - Joachim Garraud - Chris Willis - Steve Angello,8
1052,DJ Rashad,8
1053,Phosphorescent,8
1054,Flume,8
1055,CHVRCHES,8
1056,DyoN Joo,8
1057,Martin Garrix,8
1058,Kanye West,8
1059,Jidenna,8
1060,Castro,8
1061,Autre Ne Veut,8
1062,Adventure Club,8
1063,FKA twigs,8
1064,Perfume Genius,8
1065,Neon Bunny,8
1066,Ace Hood,8
1067,Crystal Castles,8
1068,Swedish House Mafia,8
1069,PALGOU,8
1070,Autre Ne Veut,8
1071,Drake,8
1072,KAYTRANADA,8
1073,Hayden James,8
1074,Little Mix,8
1075,Rick Ross,8
1076,2 Chainz,8
1077,Xscape,8
1078,Hippie Sabotage,8
1079,Beyoncé,8
1080,Rick Ross,8
1081,Travis Scott,8
1082,Travis Scott,8
1083,Justice,8
1084,Miguel,8
1085,Killer Mike,8
1086,DJ Snake,8
1087,Azealia Banks,8
1088,Daydreamer,8
1089,The Cranberries,8
1090,Grizzly Bear,8
1091,The Beach Boys,8
1092,Kaleidoscope,8
1093,Jamaican Queens,8
1094,ScHoolboy Q,8
1095,Clyde Carson,8
1096,Meek Mill,8
1097,Meek Mill,8
1098,Booba,8
1099,Booba,8
1100,Toni Braxton,8
1101,Booba,8
1102,Kaskade,8
1103,Alan Walker,8
1104,M83,8
1105,Janelle Monáe,8
1106,Demi Lovato,8
1107,Fall Out Boy,9
1108,Disclosure,9
1109,Classixx,9
1110,Teams vs. Star Slinger,9
1111,Third Day,9
1112,Darq E Freaker,9
1113,Baauer,9
1114,Pitbull,9
1115,Owl City,9
1116,Sebastian,9
1117,Sebastian,9
1118,French Montana,9
1119,The Partysquad,9
1120,Kreayshawn,9
1121,Puddle Of Mudd,9
1122,Fool's Gold,9
1123,Three 6 Mafia,9
1124,A$AP Rocky,9
1125,Rocko,9
1126,UGK,9
1127,Wiz Khalifa,9
1128,Bro Safari,9
1129,Insane Clown Posse,9
1130,Fall Out Boy,9
1131,Small Black,9
1132,Diddy,9
1133,Swishahouse,9
1134,Disclosure,9
1135,"Crosby, Stills, Nash & Young",9
1136,Brad Paisley,9
1137,Fall Out Boy,9
1138,Tevin Campbell,9
1139,Parliament,9
1140,Various Artists,9
1141,Queen,9
1142,Handsome Boy Modeling School,9
1143,The Chiffons,9
1144,Lex Luca,9
1145,Natalie Imbruglia,9
1146,Musical Youth,9
1147,Fetty Wap,9
1148,Jamie xx,9
1149,Skepta,9
1150,Cayucas,9
1151,Lord Echo,9
1152,Chip,9
1153,Brazilian Girls,9
1154,Three 6 Mafia,9
1155,Atmosphere,9
1156,Britney Spears,9
1157,Duck Sauce,9
1158,Destiny's Child,9
1159,Katy Perry,9
1160,Neon Indian,9
1161,Cali Y El Dandee,9
1162,Britt Nicole,9
1163,Skrillex,9
1164,Willie Hutch,9
1165,Mos Def,9
1166,The Seshen,9
1167,Tayyib Ali,9
1168,Bea Miller,9
1169,James Brown,9
1170,Joe,10
1171,Meek Mill,10
1172,Train,10
1173,J. Cole,10
1174,Janet Jackson,10
1175,J. Cole,10
1176,J. Cole,10
1177,Mýa,10
1178,Vanilla Ice,10
1179,Travis Hayes,10
1180,Backstreet Boys,10
1181,Oohyo,10
1182,Porter Robinson,10
1183,10cm,10
1184,Drake,10
1185,Ne-Yo,10
1186,Xscape,10
1187,Wyclef Jean,10
1188,Kygo,10
1189,Kris Kross,10
1190,JoJo,10
1191,Lindisfarne,10
1192,Rihanna,10
1193,Kina Grannis,10
1194,Shakira,10
1195,Kina Grannis,10
1196,The Pussycat Dolls,10
1197,Wahlstedt,10
1198,Lil Uzi Vert,10
1199,Katy Perry,10
1200,Destiny's Child,10
1201,Lil Dicky,10
1202,Jon Bellion,10
1203,Olivia Holt,10
1204,Next,10
1205,SWV,10
1206,Rick Ross,10
1207,Mandy Moore,10
1208,Usher,10
1209,Rick Ross,10
1210,Ben Remember,10
1211,Ariana Grande,10
1212,Future,10
1213,Savage,10
1214,Hayden James,10
1215,Sango,10
1216,Jessy Lanza,10
1217,Mick Jenkins,10
1218,Shocking Blue,10
1219,Hermitude,10
1220,Simon Dunmore,10
1221,DJ Ayres,10
1222,Sísý Ey,10
1223,Father,10
1224,Mykfresh,10
1225,Ezale,10
1226,Breach,10
1227,Snootie Wild,10
1228,Kindness,10
1229,ILoveMakonnen,10
1230,Louis The Child,10
1231,Bobby Shmurda,10
1232,E-40,10
1233,Future,10
1234,Toro y Moi,10
1235,ScHoolboy Q,10
1236,Falcons,10
1237,Tree,10
1238,Tyga,10
1239,A$AP Ferg,10
1240,Koopsta Knicca,10
1241,Claptone,10
1242,Polo & Pan,10
1243,Kanye West,10
1244,Beyoncé,10
1245,New Edition,10
1246,Dom La Nena,10
1247,President T,10
1248,Lethal Bizzle,10
1249,Stormzy,10
1250,Saskilla,10
1251,Skepta,10
1252,Future,10
1253,Azealia Banks,10
1254,Shabazz Palaces,10
1255,A$AP Rocky,10
1256,Beastie Boys,10
1257,Drake,10
1258,Dâm-Funk,10
1259,Sleigh Bells,10
1260,Rich Homie Quan,10
1261,Kanye West,10
1262,Migos,10
1263,DJ Khaled,10
1264,Willie Bobo,10
1265,Future,10
1266,OB OBrien,10
1267,Migos,10
1268,Ezale,10
1269,21 Savage,10
1270,Archie Bell & The Drells,10
1271,A$AP Ferg,10
1272,Blood Orange,10
1273,Drake,10
1274,Lorde,10
1275,The Blackbyrds,10
1276,Juicy J,10
1277,Drake,10
1278,Odd Future,10
1279,Lil Reese,10
1280,Chief Keef,10
1281,5kinAndBone5,10
1282,D'Angelo,10
1283,ILoveMakonnen,10
1284,Father,10
1285,Trinidad James,10
1286,Vic Mensa,10
1287,Barrington Levy,10
1288,Riskay,10
1289,The Cool Kids,10
1290,Lady Leshurr,10
1291,Kendrick Lamar,10
1292,Drake,10
1293,Miguel,10
1294,Paul Wall,10
1295,Stacey Q,10
1296,Rae Sremmurd,10
1297,The Cool Kids,10
1298,Benoit & Sergio,10
1299,E-40,10
1300,Discovery,10
1301,Trina,10
1302,Bad Brains,10
1303,Missy Elliott,10
1304,Creative Source,10
1305,Toni Toni Lee,10
1306,Riff Raff,10
1307,Jeezy,10
1308,Celeda,10
1309,A-1,10
1310,A$AP Ferg,10
1311,A$AP Ferg,10
1312,Brian Pumper,10
1313,Drake,10
1314,Flap Jack,10
1315,Sage The Gemini,10
1316,DJ Khaled,10
1317,Roach Gigz,10
1318,Juicy J,10
1319,Finatticz,10
1320,Matias Aguayo,10
1321,Major Lazer,10
1322,On The House featuring Marshall Jefferson,10
1323,HS87,10
1324,!!!,10
1325,The Partysquad,10
1326,Iamsu!,10
1327,Meek Mill,10
1328,The Neighbourhood,10
1329,Western Tink,10
1330,Iamsu!,10
1331,tUnE-yArDs,10
1332,Hot Chip,10
1333,Sky Saxon & The Seeds,10
1334,Drake,10
1335,Vince Staples,10
1336,ZAYN,10
1337,Snoop Dogg,10
1338,Future,10
1339,Lady Gaga,10
1340,Lil Wayne,10
1341,Disclosure,10
1342,20th Century Steel Band,10
1343,Hailee Steinfeld,10
1344,Cajmere,10
1345,Kygo,10
1346,Drake,10
1347,Kendrick Lamar,10
1348,Drake,10
1349,Kanye West,10
1350,Halsey,10
1351,Cheat Codes,10
1352,Vice,10
1353,YACHT,10
1354,Chris Jeday,10
1355,Future,10
1356,Young Thug,10
1357,Childish Gambino,10
1358,Ty Dolla $ign,10
1359,Farruko,10
1360,Nicky Jam,10
1361,Migos,10
1362,Majid Jordan,10
1363,Kendrick Lamar,10
1364,ZHU,10
1365,Drake,10
1366,Young Thug,10
1367,Young Thug,10
1368,Young Thug,10
1369,Selena Gomez,10
1370,Khalid,10
1371,The Partysquad,11
1372,Frankey,11
1373,Alok,11
1374,Tonstartssbandht,11
1375,Com Truise,11
1376,Deapmash,11
1377,Liquid Liquid,11
1378,Todd Terje,11
1379,Blaqstarr,11
1380,Peaches,11
1381,The Partysquad,11
1382,deadmau5,11
1383,Afrolicious,11
1384,Geoxor,11
1385,Charlie,11
1386,Les Sins,11
1387,Virgo,11
1388,Lapalux,11
1389,Kool & The Gang,11
1390,Part Time,11
1391,Bassjackers,11
1392,Kideko,11
1393,Inner City,11
1394,Nightmares On Wax,11
1395,Partial Arts,11
1396,Crystal Castles,11
1397,ODESZA,11
1398,Frankey,11
1399,Ben Pearce,11
1400,Romare,11
1401,Sweet Valley,11
1402,Dillon Francis and Kill The Noise,11
1403,Ben Pearce,11
1404,EDX,11
1405,Adonis,11
1406,Omega,11
1407,Caribou,11
1408,Ghost Culture,11
1409,Parquet Courts,11
1410,Lifelike,11
1411,Gino Soccio,11
1412,Crystal Castles,11
1413,Blue In Green,11
1414,Jan Blomqvist,11
1415,Bassnectar,11
1416,Allie X,11
1417,Grimes,11
1418,Cut Copy,11
1419,Chris Lake Feat. Laura V,11
1420,Girl Unit,11
1421,Tim Mason,11
1422,John Dahlbäck,11
1423,Santé,11
1424,Tanner Ross,11
1425,Burial,11
1426,Pretty Lights,11
1427,M83,11
1428,MOVEMENT,11
1429,deadmau5,11
1430,Crystal Castles,11
1431,Craig Bratley,11
1432,TV On The Radio,11
1433,The xx,11
1434,Jimmy Edgar,11
1435,Washed Out,11
1436,The Blaze,11
1437,Memoryhouse,11
1438,Funkagenda,11
1439,카우칩스 The CowChips,11
1440,Grimes,11
1441,Disclosure,11
1442,Tove Lo,11
1443,Destructo feat. Oliver,11
1444,DeVotchKa,11
1445,Softwar,11
1446,Night Moves,11
1447,Chrome Sparks,11
1448,Ben Pearce,11
1449,Suyano,12
1450,Scott McKenzie,12
1451,Alanis Morissette,12
1452,Jefferson Airplane,12
1453,Darius Rucker,12
1454,Damien Jurado,12
1455,Danny Brown,12
1456,Erkin Koray,12
1457,Xscape,12
1458,Drake,12
1459,Xscape,12
1460,Jefferson Airplane,12
1461,Young & Sick,12
1462,Crash Test Dummies,12
1463,Demi Lovato,12
1464,Mariah Carey,12
1465,Demi Lovato,12
1466,Demi Lovato,12
1467,Toni Braxton,12
1468,Arctic Monkeys,12
1469,Citizen Way,12
1470,Zedd,12
1471,*NSYNC,12
1472,Julia Michaels,12
1473,Drake,12
1474,Lykke Li,12
1475,Classixx,12
1476,Colin & Caroline,12
1477,Crowder,12
1478,Kina Grannis,12
1479,Birdtalker,12
1480,Kina Grannis,12
1481,En Vogue,12
1482,Boyz II Men,12
1483,Iamsu!,12
1484,Clean Bandit,12
1485,Ellie Holcomb,12
1486,Sammy Brue,12
1487,Kina Grannis,12
1488,Holley Maher,12
1489,Boyz II Men,12
1490,Boyz II Men,12
1491,Leon Bridges,12
1492,*NSYNC,12
1493,Steve Angello,12
1494,Cody Carnes,12
1495,Logic,12
1496,Hollyn,12
1497,The Accidentals,12
1498,Action Bronson,12
1499,The Shirelles,12
1500,MercyMe,12
1501,Love and Theft,12
1502,Sabrina Carpenter,12
1503,ScHoolboy Q,12
1504,DEAN,12
1505,Adam Craig,12
1506,Michael Jackson,12
1507,NELL,12
1508,Jon McLaughlin,12
1509,Jason Aldean,12
1510,The Ronettes,12
1511,Standing Egg,12
1512,Leon Bridges,12
1513,Theophilus London,12
1514,Standing Egg,12
1515,Father,12
1516,Kevin Oh,12
1517,Post Malone,12
1518,James Blake,12
1519,Dynamic Duo,12
1520,The Yardbirds,12
1521,Brett Young,12
1522,Ariel Pink's Haunted Graffiti,12
1523,Wilson Phillips,12
1524,Hyukoh,12
1525,Empress Of,12
1526,Gyepy,12
1527,Meat Loaf,12
1528,Big Brain,12
1529,Flower Soo,12
1530,Sugarbowl,12
1531,Mot,12
1532,Myron & E,12
1533,Timber Timbre,12
1534,Azizi Gibson,12
1535,SunWoo Jung-A,12
1536,Nicolas Jaar,12
1537,Boyce Avenue,12
1538,Okdal,12
1539,Ibadi,12
1540,Cobi,12
1541,A-Trak,12
1542,J. Cole,12
1543,Nina Simone,12
1544,Shania Twain,12
1545,Ariana Grande,12
1546,Hailee Steinfeld,12
1547,Kaleo,12
1548,Wable,12
1549,Jorge Quintero,12
1550,Ty Dolla $ign,12
1551,Bugzy Malone,12
1552,Various Artists,12
1553,Maren Morris,12
1554,4 Non Blondes,12
1555,Chris de Burgh,12
1556,Lil Yachty,12
1557,Michael Jackson,12
1558,Dierks Bentley,12
1559,Ariel Pink's Haunted Graffiti,12
1560,Gerry & The Pacemakers,12
1561,Ne-Yo,12
1562,Ne-Yo,12
1563,SBTRKT,12
1564,Logic,12
1565,Vince Staples,12
1566,Rag'n'Bone Man,12
1567,NEEDTOBREATHE,12
1568,Rhythms Del Mundo,12
1569,Monica,12
1570,Tori Kelly,12
1571,High School Musical Cast,12
1572,PNL,12
1573,Craig David,12
1574,Eighty4 Fly,12
1575,Buscabulla,12
1576,Christina Perri,12
1577,Muddy Waters,12
1578,Steve Cropper,12
1579,Hailee Steinfeld,12
1580,Pops Staples,12
1581,Bugzy Malone,12
1582,King Tubby,13
1583,Three 6 Mafia,13
1584,Feathers,13
1585,DJ Eleven,13
1586,Spin Doctors,13
1587,Fort Minor,13
1588,Dâm-Funk,13
1589,Mariah Carey,13
1590,War,13
1591,Tennis,13
1592,Cassius,13
1593,Zdar,13
1594,Three 6 Mafia,13
1595,Holy Ghost!,13
1596,Justin Timberlake,13
1597,Amy Winehouse,13
1598,Chromeo,13
1599,Depeche Mode,13
1600,Third Eye Blind,13
1601,Spice Girls,13
1602,Hanni El Khatib,13
1603,Dawn Penn,13
1604,Teams vs. Star Slinger,13
1605,*NSYNC,13
1606,Sofia Carson,13
1607,Central Line,13
1608,Neon Indian,13
1609,Michael Jackson,13
1610,Stevie Wonder,13
1611,Janet Jackson,13
1612,Mario,13
1613,Janet Jackson,13
1614,Bohannon,13
1615,M.I.A.,13
1616,Spoon,13
1617,Rich Homie Quan,13
1618,*NSYNC,13
1619,Cloud One,13
1620,*NSYNC,13
1621,William Onyeabor,13
1622,Wyclef Jean,13
1623,Toni Braxton,13
1624,*NSYNC,13
1625,Prince,13
1626,Backstreet Boys,13
1627,Backstreet Boys,13
1628,Tanlines,13
1629,Mýa,13
1630,Backstreet Boys,13
1631,Blackstreet,13
1632,Toni Braxton,13
1633,Chaka Khan,13
1634,Sugar Ray,13
1635,Baio,13
1636,Tuxedo,13
1637,Kero Kero Bonito,13
1638,Destiny's Child,13
1639,Chromeo,13
1640,Destiny's Child,13
1641,The Kooks,13
1642,Natasha Bedingfield,13
1643,Chuck Brown and the Soul Searchers,13
1644,Anna Margaret,13
1645,Generationals,13
1646,Foxygen,13
1647,Bob Marley & The Wailers,13
1648,Disclosure,13
1649,5 Seconds of Summer,13
1650,Caribou,13
1651,Michael Jackson,13
1652,Big Time Rush,13
1653,MIKA,13
1654,Michael Jackson,13
1655,Zapp,13
1656,Holy Ghost!,13
1657,Michael Jackson,13
1658,Blaque,13
1659,Barry White,13
1660,Big Data,13
1661,Gwen Stefani,13
1662,Next,13
1663,Montell Jordan,13
1664,Bill Withers,13
1665,New Radicals,13
1666,Barry White,13
1667,3LW,13
1668,Rene & Angela,13
1669,Marvin Gaye,13
1670,Blood Orange,13
1671,Disclosure,13
1672,Maroon 5,13
1673,Total,13
1674,Ohio Players,13
1675,Daft Punk,13
1676,2 LIVE CREW,13
1677,T. P. Orchestre Poly-Rythmo,13
1678,Dr. John,13
1679,David Bowie,13
1680,J HUS,13
1681,Stormzy,13
1682,Rockwell,13
1683,플랫핏 Flat Feet,13
1684,Wiley,13
1685,Mr. C,13
1686,Zac Brown Band,13
1687,Little Big Town,13
1688,Santigold,13
1689,StaRR Lyfe,13
1690,Paulo Mendonca,13
1691,Electric Guest,13
1692,Lady Antebellum,13
1693,Thomas Rhett,13
1694,Charlie Worsham,13
1695,Keith Urban,13
1696,Frankie Cosmos,13
1697,Rude Paper,13
1698,Tom & Jame,13
1699,Samantha Fox,13
1700,Gary's Gang,13
1701,Chris Lake,13
1702,tUnE-yArDs,13
1703,Rene & Angela,13
1704,The Third Degree,13
1705,T. P. Orchestre Poly-Rythmo,13
1706,Joni Haastrup,13
1707,Humming Urban Stereo,13
1708,Wahlstedt,13
1709,Future Islands,13
1710,Neon Indian,13
1711,William Onyeabor,13
1712,T. Rex,13
1713,Boston Bun,13
1714,Worlds Famous Supreme Team,13
1715,New Order,13
1716,Ebo Taylor,13
1717,Ezale,13
1718,Todd Osborn,13
1719,Luis Fonsi,13
1720,Maluma,13
1721,Wisin,13
1722,MercyMe,13
1723,Maggie Lindemann,13
1724,Niall Horan,13
1725,French Montana,13
1726,Jason Derulo,13
1727,Bruno Mars,13
1728,Nicki Minaj,13
1729,Gym Class Heroes,13
1730,Taio Cruz,13
1731,Modern Folk Üçlüsü,13
1732,Gwen Stefani,13
1733,MKTO,13
1734,Robin Thicke,13
1735,Dillon Francis,13
1736,Kesha,13
1737,Selena Gomez & The Scene,13
1738,David Guetta,13
1739,Flo Rida,13
1740,Daft Punk,13
1741,Natalie La Rose,13
1742,Sean Kingston,13
1743,Holly Starr,13
1744,Shawn Mendes,13
1745,Charlie Puth,13
1746,TR/ST,13
1747,Shakira,13
1748,J Balvin,13
1749,Zion & Lennox,13
1750,Le Youth,13
1751,Shakira,13
1752,Funkadelic,13
1753,Wisin,13
1754,New Order,13
1755,IAmChino,13
1756,Sebastian Yatra,13
1757,Prince Royce,13
1758,Alejandro Fernandez,13
1759,Enrique Iglesias,13
1760,Daddy Yankee,13
1761,Daddy Yankee,13
1762,Reik,13
1763,Juanes,13
1764,Jasmine Murray,13
1765,Carlos Vives,13
1766,Luis Fonsi,13
1767,Leon Haywood,13
1768,Pitchben,13
1769,Patrick Di Stefano,13
1770,Better Than Ezra,13
1771,Fela Kuti,13
1772,Lunatic,13
1773,Inner City,13
1774,A-Trak,13
1775,Hot Chip,13
1776,Imagination Movers,13
1777,Hot Chip,13
1778,Grum,13
1779,Parcels,13
1780,Icona Pop,13
1781,YACHT,13
1782,Beach House,13
1783,Bay Ledges,13
1784,Orlando Julius,13
1785,Azari & III,13
1786,Lady Gaga,13
1787,Purity Ring,13
1788,Punkin Machine,13
1789,2 Chainz,13
1790,Santana,13
1791,Hot Chip,13
1792,After The Fire,13
1793,Nickodemus,13
1794,Grimes,13
1795,Michael Jackson,13
1796,Britney Spears,13
1797,Fetty Wap,13
1798,New Order,13
1799,A Tribe Called Quest,13
1800,Major Lazer,13
1801,Afrojack,13
1802,Wild Belle,13
1803,Bibio,13
1804,Gucci Mane,13
1805,Crazy P,13
1806,R3hab,13
1807,Tanlines,13
1808,Shakira,13
1809,The Clash,13
1810,Nico & Vinz,13
1811,The Black Eyed Peas,13
1812,Ify Jerry Crusade,13
1813,Canyons,13
1814,Shakira,13
1815,Toots & The Maytals,13
1816,EMP DASME,13
1817,Daft Punk,13
1818,Meek Mill,13
1819,DJ Raff,13
1820,DNCE,13
1821,Hoodfellas,13
1822,Discodeine,13
1823,Burak Yeter,13
1824,Project Pat,13
1825,Loote,13
1826,Little Mix,13
1827,Bruno Mars,13
1828,Fool's Gold,13
1829,Julia Michaels,13
1830,Usher,13
1831,Shawn Mendes,13
1832,DJ Khaled,13
1833,Average White Band,13
1834,Horace Andy,13
1835,Michael Bolton,13
1836,Britney Spears,13
1837,Leo's Sunshipp,13
1838,Portugal. The Man,13
1839,Paramore,13
1840,Black Harmony,13
1841,ASTR,13
1842,Earl Sweatshirt,13
1843,Quadron,13
1844,Daft Punk,13
1845,Billie Piper,13
1846,Tame Impala,13
1847,J. Dash,13
1848,Red Hot Chili Peppers,13
1849,The Cheeky Girls,13
1850,Hercules & Love Affair,13
1851,Disclosure,13
1852,Black Lace,13
1853,Duck Sauce,13
1854,Yelle,13
1855,Kate Boy,13
1856,Kate Boy,13
1857,Danny Brown,13
1858,Billy Ray Cyrus,13
1859,Jennifer Lopez,13
1860,Wiley,13
1861,Sky Ferreira,13
1862,Martin Solveig,13
1863,The Offspring,13
1864,Icona Pop,14
1865,Bassnectar,14
1866,Foo Fighters,14
1867,Run The Jewels,14
1868,Martin Garrix,14
1869,Lost Kings,14
1870,Steve Aoki,14
1871,San Holo,14
1872,Tommie Sunshine,14
1873,Matchbox Twenty,14
1874,The Chainsmokers,14
1875,WALK THE MOON,14
1876,WALK THE MOON,14
1877,Lil Zay Poppin,14
1878,Riff Raff,14
1879,The Goo Goo Dolls,14
1880,Kuuro,14
1881,Ty Segall,14
1882,FIDLAR,14
1883,Mikal Cronin,14
1884,The End At The Beginning,14
1885,Risking It All,14
1886,Conjonctive,14
1887,Lorna Shore,14
1888,Within The Ruins,14
1889,Buried Side,14
1890,Luke Combs,14
1891,Jillian Jacqueline,14
1892,Shadow of Intent,14
1893,Chelsea Grin,14
1894,Skrillex,14
1895,Hyukoh,14
1896,Beach House,14
1897,CHVRCHES,14
1898,DILLY DALLY,14
1899,Rick Ross,14
1900,Pond,14
1901,Rick Ross,14
1902,Buku,14
1903,Yellow Claw,14
1904,Showtek,14
1905,Noisia,14
1906,Sam F,14
1907,The Gaslamp Killer,14
1908,Antwon,14
1909,Cedric Gervais,14
1910,Keys N Krates,14
1911,Bougenvilla,14
1912,Martin Garrix,14
1913,Extortionist,14
1914,The Machinist,14
1915,Zac Brown Band,14
1916,Jason Aldean,14
1917,The Killers,14
1918,Benny Benassi,14
1919,David Guetta,14
1920,T.I.,14
1921,Kim Walker-Smith,14
1922,Machine Gun Kelly,14
1923,Aaron Shust,14
1924,North Point InsideOut,14
1925,Reba McEntire,14
1926,Miley Cyrus,14
1927,Derek Minor,14
1928,Imagine Dragons,14
1929,Lauren Daigle,14
1930,Passion,14
1931,DOLF,14
1932,one sonic society,14
1933,We Are Messengers,14
1934,Cody Carnes,14
1935,Victim Of Deception,14
1936,A Wake in Providence,14
1937,Thy Art Is Murder,14
1938,To The Grave,14
1939,Into Oblivion,14
1940,Until We Die,14
1941,Altered Perceptions,14
1942,I Shall Devour,14
1943,I Declare War,14
1944,Neberu,14
1945,Whitechapel,14
1946,Mycelia,14
1947,Phil Wickham,14
1948,Yellow Claw,14
1949,Jack White,14
1950,Harry Styles,14
1951,Martin Solveig,14
1952,Beach House,14
1953,Eminem,14
1954,A Day To Remember,14
1955,Volbeat,14
1956,Neck Deep,14
1957,Thrice,14
1958,System Of A Down,14
1959,Cults,14
1960,Kings of Leon,14
1961,The Rapture,14
1962,FIDLAR,14
1963,Purity Ring,14
1964,Tame Impala,14
1965,Juveniles,14
1966,Fat Tony,14
1967,Terror Train,14
1968,ScHoolboy Q,14
1969,Jon McLaughlin,14
1970,Jauz,14
1971,Elephant,14
1972,JoJo,14
1973,JoJo,14
1974,The Orwells,14
1975,Ty Segall,14
1976,Grimes,14
1977,Future Islands,14
1978,Kanye West,14
1979,Cathedrals,14
1980,The Districts,14
1981,Atlas Sound,14
1982,Gin Blossoms,14
1983,Lemonade,14
1984,Purity Ring,14
1985,Phantogram,14
1986,Kanye West,14
1987,Demi Lovato,14
1988,ASTR,14
1989,Autre Ne Veut,14
1990,Crystal Castles,14
1991,Best Coast,14
1992,MiM0SA,14
1993,Brillz & Teddy Tuxedo,14
1994,Benny Benassi,14
1995,CHVRCHES,14
1996,Iamsu!,14
1997,The Partysquad,14
1998,Kaskade,14
1999,Hardwell,14
2000,Breathe Carolina,14
2001,IZECOLD,14
2002,Tommy Trash,14
2003,Dash Berlin,14
2004,Madison Mars,14
2005,Galantis,14
2006,Marshmello,14
2007,Sebastian Ingrosso,14
2008,Status Quo,14
2009,Gary Clark Jr.,14
2010,Alesso,14
2011,M83,14
2012,Grimes,14
2013,Dirty South,14
2014,Friction,14
2015,FIDLAR,14
2016,Bleachers,14
